{
    "coord": {
      "lon": -118.2428,
      "lat": 34.0537
    },
    "weather": [
      {
        "id": 800,
        "main": "Clear",
        "description": "ciel dégagé",
        "icon": "01d"
      }
    ],
    "base": "stations",
    "main": {
      "temp": 9.81,
      "feels_like": 9.39,
      "temp_min": 6.65,
      "temp_max": 13.2,
      "pressure": 1023,
      "humidity": 47
    },
    "visibility": 10000,
    "wind": {
      "speed": 1.54,
      "deg": 70
    },
    "clouds": {
      "all": 0
    },
    "dt": 1645806234,
    "sys": {
      "type": 1,
      "id": 3694,
      "country": "US",
      "sunrise": 1645799199,
      "sunset": 1645839943
    },
    "timezone": -28800,
    "id": 5368361,
    "name": "Los Angeles",
    "cod": 200
  }